{
	"info": {
		"_postman_id": "7dc93d9e-f983-4679-ac4a-7cdbbf2e055f",
		"name": "work2",
		"schema": "https://schema.getpostman.com/json/collection/v2.1.0/collection.json",
		"_exporter_id": "46417459",
		"_collection_link": "https://cloudy-spaceship-6415040.postman.co/workspace/Krish_Jindal's-Workspace~a019f5a0-86f8-4471-88a5-4c5be906393e/collection/46417459-7dc93d9e-f983-4679-ac4a-7cdbbf2e055f?action=share&source=collection_link&creator=46417459"
	},
	"item": [
		{
			"name": "environment2",
			"event": [
				{
					"listen": "test",
					"script": {
						"exec": [
							"pm.test(\"Status code is 200\", function () {\r",
							"    pm.response.to.have.status(200);\r",
							"});"
						],
						"type": "text/javascript",
						"packages": {}
					}
				},
				{
					"listen": "prerequest",
					"script": {
						"exec": [
							"pm.test(\"Get APIID of the entry\", function (err, res) {\r",
							"    if (err || !res) {\r",
							"        console.log(\"🚨 Request failed:\", err);\r",
							"        return;\r",
							"    }\r",
							"\r",
							"    try {\r",
							"        let jsonData = res.json();\r",
							"        let userId = jsonData[0].id;\r",
							"        pm.environment.set(\"APIID\", userId);\r",
							"        console.log(\"✅ APIID set to:\", userId);\r",
							"    } catch (e) {\r",
							"        console.log(\"⚠️ Failed to parse JSON:\", e);\r",
							"    }\r",
							"});"
						],
						"type": "text/javascript",
						"packages": {}
					}
				}
			],
			"request": {
				"auth": {
					"type": "bearer",
					"bearer": [
						{
							"key": "token",
							"value": "54df8f44afda02331b8fd782d50e550dc4f9ba4a15128b7eec1e8bb536cfcff3",
							"type": "string"
						}
					]
				},
				"method": "GET",
				"header": [],
				"url": {
					"raw": "https://gorest.co.in/public/v2/users/{{APIID}}",
					"protocol": "https",
					"host": [
						"gorest",
						"co",
						"in"
					],
					"path": [
						"public",
						"v2",
						"users",
						"{{APIID}}"
					]
				}
			},
			"response": []
		}
	]
}