{
	"info": {
		"_postman_id": "d15a14d3-294b-4a59-a3aa-eb27d5d11ec9",
		"name": "upload2",
		"schema": "https://schema.getpostman.com/json/collection/v2.1.0/collection.json",
		"_exporter_id": "46417459",
		"_collection_link": "https://cloudy-spaceship-6415040.postman.co/workspace/Krish_Jindal's-Workspace~a019f5a0-86f8-4471-88a5-4c5be906393e/collection/46417459-d15a14d3-294b-4a59-a3aa-eb27d5d11ec9?action=share&source=collection_link&creator=46417459"
	},
	"item": [
		{
			"name": "textupload",
			"event": [
				{
					"listen": "test",
					"script": {
						"exec": [
							"pm.test(\"Status code is 500\", function () {\r",
							"    pm.response.to.have.status(500);\r",
							"});"
						],
						"type": "text/javascript",
						"packages": {}
					}
				}
			],
			"request": {
				"method": "POST",
				"header": [],
				"body": {
					"mode": "formdata",
					"formdata": [
						{
							"key": "text",
							"value": "name",
							"type": "text"
						}
					]
				},
				"url": {
					"raw": "https://the-internet.herokuapp.com/upload",
					"protocol": "https",
					"host": [
						"the-internet",
						"herokuapp",
						"com"
					],
					"path": [
						"upload"
					]
				}
			},
			"response": []
		}
	]
}