<!DOCTYPE suite SYSTEM "https://testng.org/testng-1.0.dtd" >

<suite name="Cucumber_BDD_Framework_Suite" verbose="1" >

    <!--
    To run Web Automation Scenario:
    Uncomment the "Web_Automation_Scenario" test block and comment out "API_Automation_Scenario".
    Then execute 'mvn test'.
    -->
    <test name="Web_Automation_Scenario" >
        <parameter name="cucumber.filter.tags" value="@web" />
        <classes>
            <class name="com.newproject.runners.TestRunner" />
        </classes>
    </test>

    <!--
    To run API Automation Scenario:
    Uncomment the "API_Automation_Scenario" test block and comment out "Web_Automation_Scenario".
    Then execute 'mvn test'.
    -->
    
    <test name="API_Automation_Scenario" >
        <parameter name="cucumber.filter.tags" value="@api" />
        <classes>
            <class name="com.newproject.runners.TestRunner" />
        </classes>
    </test>
    

</suite>
