{
	"info": {
		"_postman_id": "cc7ab02c-1feb-4edc-badd-6096214ba2db",
		"name": "Authentication",
		"schema": "https://schema.getpostman.com/json/collection/v2.1.0/collection.json",
		"_exporter_id": "46417459",
		"_collection_link": "https://cloudy-spaceship-6415040.postman.co/workspace/Krish_Jindal's-Workspace~a019f5a0-86f8-4471-88a5-4c5be906393e/collection/46417459-cc7ab02c-1feb-4edc-badd-6096214ba2db?action=share&source=collection_link&creator=46417459"
	},
	"item": [
		{
			"name": "Basic",
			"event": [
				{
					"listen": "test",
					"script": {
						"exec": [
							"pm.test(\"Status code is 200\", function () {\r",
							"    pm.response.to.have.status(200);\r",
							"});\r",
							"pm.test(\"Response body is visible\", function () {\r",
							"    pm.response.to.have.body;\r",
							"});"
						],
						"type": "text/javascript",
						"packages": {}
					}
				}
			],
			"request": {
				"auth": {
					"type": "basic",
					"basic": [
						{
							"key": "password",
							"value": "password",
							"type": "string"
						},
						{
							"key": "username",
							"value": "postman",
							"type": "string"
						}
					]
				},
				"method": "GET",
				"header": [],
				"url": {
					"raw": "https://postman-echo.com/basic-auth",
					"protocol": "https",
					"host": [
						"postman-echo",
						"com"
					],
					"path": [
						"basic-auth"
					]
				}
			},
			"response": []
		}
	]
}