{
	"info": {
		"_postman_id": "9de5ec51-f43e-41e5-b124-f6fec39792ab",
		"name": "Cinema Hall Service 1",
		"schema": "https://schema.getpostman.com/json/collection/v2.1.0/collection.json",
		"_exporter_id": "46217510",
		"_collection_link": "https://krishjindal.postman.co/workspace/Krish-Jindal's-Workspace~a8a68ea4-bff8-4324-8bd3-0c0d02f9c464/collection/46217510-9de5ec51-f43e-41e5-b124-f6fec39792ab?action=share&source=collection_link&creator=46217510"
	},
	"item": [
		{
			"name": "Update Price",
			"event": [
				{
					"listen": "test",
					"script": {
						"exec": [
							"pm.test(\"Check JSON Response\", function () {\r",
							"        pm.response.to.be.json;\r",
							"});\r",
							"pm.test(\"Check Response Content Type\", function () {\r",
							"    pm.expect(pm.response.headers.get('Content-Type')).to.include('application/json');\r",
							"});\r",
							"pm.test(\"Check Price\", function () {\r",
							"    let jsonData = pm.response.json();\r",
							"    for (let i = 0; i < jsonData.length; i++) {\r",
							"        if (jsonData[i].cinemaHallId === 3102) {\r",
							"            pm.expect(jsonData[i].ticketPrice).to.eql(200);\r",
							"        }\r",
							"    }\r",
							"});\r",
							"pm.test(\"Check Time\", function(){\r",
							"     let jsonData = pm.response.json();\r",
							"    const moment = require('moment');\r",
							"    let currentTime=moment().format(\"HH.mm\");\r",
							"    let startTime = jsonData[0].startTime;\r",
							"    if(startTime===currentTime){\r",
							"        console.log(\"true\");\r",
							"    }\r",
							"});\r",
							"\r",
							""
						],
						"type": "text/javascript",
						"packages": {}
					}
				}
			],
			"request": {
				"method": "PUT",
				"header": [
					{
						"key": "Accept",
						"value": "application/json",
						"type": "text"
					}
				],
				"body": {
					"mode": "urlencoded",
					"urlencoded": [
						{
							"key": "cinemaHallId",
							"value": "3102",
							"type": "text"
						},
						{
							"key": "cinemaHallName",
							"value": "INOX",
							"type": "text"
						},
						{
							"key": "screenName",
							"value": "Screen1",
							"type": "text"
						},
						{
							"key": "movieName",
							"value": "KGF: Chapter2",
							"type": "text"
						},
						{
							"key": "startTime",
							"value": "5.30 pm",
							"type": "text"
						},
						{
							"key": "endTime",
							"value": "8.30 pm",
							"type": "text"
						},
						{
							"key": "totalSeats",
							"value": "120",
							"type": "text"
						},
						{
							"key": "seatStatus",
							"value": "AVAILABLE",
							"type": "text"
						},
						{
							"key": "ticketPrice",
							"value": "200",
							"type": "text"
						},
						{
							"key": "city",
							"value": "Coimbatore",
							"type": "text"
						}
					]
				},
				"url": {
					"raw": "https://webapps.tekstac.com/MovieAPI/CinemaHallService/updateCinemaPrice",
					"protocol": "https",
					"host": [
						"webapps",
						"tekstac",
						"com"
					],
					"path": [
						"MovieAPI",
						"CinemaHallService",
						"updateCinemaPrice"
					]
				}
			},
			"response": []
		}
	]
}