{
	"info": {
		"_postman_id": "9ef89a31-c11b-4889-8c87-43a863fd3960",
		"name": "Collection2",
		"schema": "https://schema.getpostman.com/json/collection/v2.1.0/collection.json",
		"_exporter_id": "46417459",
		"_collection_link": "https://cloudy-spaceship-6415040.postman.co/workspace/Krish_Jindal's-Workspace~a019f5a0-86f8-4471-88a5-4c5be906393e/collection/46417459-9ef89a31-c11b-4889-8c87-43a863fd3960?action=share&source=collection_link&creator=46417459"
	},
	"item": [
		{
			"name": "request1",
			"event": [
				{
					"listen": "test",
					"script": {
						"exec": [
							"pm.test(\"Check Status Code\", function () {\r",
							"    pm.response.to.have.status(200);\r",
							"});"
						],
						"type": "text/javascript",
						"packages": {}
					}
				}
			],
			"request": {
				"auth": {
					"type": "basic",
					"basic": [
						{
							"key": "password",
							"value": "password123",
							"type": "string"
						},
						{
							"key": "username",
							"value": "admin",
							"type": "string"
						}
					]
				},
				"method": "PATCH",
				"header": [],
				"url": {
					"raw": "https://restful-booker.herokuapp.com/booking/:id",
					"protocol": "https",
					"host": [
						"restful-booker",
						"herokuapp",
						"com"
					],
					"path": [
						"booking",
						":id"
					],
					"variable": [
						{
							"key": "id",
							"value": "55"
						}
					]
				}
			},
			"response": []
		},
		{
			"name": "request2",
			"event": [
				{
					"listen": "test",
					"script": {
						"exec": [
							"pm.test(\"Check Status Code\", function () {\r",
							"    pm.response.to.have.status(201);\r",
							"});"
						],
						"type": "text/javascript",
						"packages": {}
					}
				}
			],
			"request": {
				"auth": {
					"type": "basic",
					"basic": [
						{
							"key": "password",
							"value": "password123",
							"type": "string"
						},
						{
							"key": "username",
							"value": "admin",
							"type": "string"
						}
					]
				},
				"method": "DELETE",
				"header": [],
				"url": {
					"raw": "https://restful-booker.herokuapp.com/booking/:id",
					"protocol": "https",
					"host": [
						"restful-booker",
						"herokuapp",
						"com"
					],
					"path": [
						"booking",
						":id"
					],
					"variable": [
						{
							"key": "id",
							"value": "1"
						}
					]
				}
			},
			"response": []
		}
	]
}