{
	"info": {
		"_postman_id": "51a4fdb4-ce6a-4a81-929b-19f2ad45cd1b",
		"name": "Collection",
		"schema": "https://schema.getpostman.com/json/collection/v2.1.0/collection.json",
		"_exporter_id": "46417459",
		"_collection_link": "https://cloudy-spaceship-6415040.postman.co/workspace/Krish_Jindal's-Workspace~a019f5a0-86f8-4471-88a5-4c5be906393e/collection/46417459-51a4fdb4-ce6a-4a81-929b-19f2ad45cd1b?action=share&source=collection_link&creator=46417459"
	},
	"item": [
		{
			"name": "request",
			"request": {
				"method": "GET",
				"header": []
			},
			"response": []
		}
	]
}