{
	"info": {
		"_postman_id": "5407e7a6-07fa-4b4a-b65f-4211bb29fa78",
		"name": "Collection3",
		"schema": "https://schema.getpostman.com/json/collection/v2.1.0/collection.json",
		"_exporter_id": "46417459",
		"_collection_link": "https://cloudy-spaceship-6415040.postman.co/workspace/Krish_Jindal's-Workspace~a019f5a0-86f8-4471-88a5-4c5be906393e/collection/46417459-5407e7a6-07fa-4b4a-b65f-4211bb29fa78?action=share&source=collection_link&creator=46417459"
	},
	"item": [
		{
			"name": "request1",
			"event": [
				{
					"listen": "test",
					"script": {
						"exec": [
							"pm.test(\"Status code is 200\", function () {\r",
							"    pm.response.to.have.status(201);\r",
							"});"
						],
						"type": "text/javascript",
						"packages": {}
					}
				}
			],
			"request": {
				"method": "POST",
				"header": [],
				"body": {
					"mode": "raw",
					"raw": " {\r\n    \"userId\": 1,\r\n    \"id\": 201,\r\n    \"title\": \"Working on postman\",\r\n    \"body\": \"We are working on postman but suddenly some error come.\"\r\n  }",
					"options": {
						"raw": {
							"language": "json"
						}
					}
				},
				"url": {
					"raw": "https://jsonplaceholder.typicode.com/posts",
					"protocol": "https",
					"host": [
						"jsonplaceholder",
						"typicode",
						"com"
					],
					"path": [
						"posts"
					]
				}
			},
			"response": []
		}
	]
}