{
	"info": {
		"_postman_id": "12b415ad-1713-4de7-ba7c-5c1894373bce",
		"name": "Extract",
		"schema": "https://schema.getpostman.com/json/collection/v2.1.0/collection.json",
		"_exporter_id": "46417459",
		"_collection_link": "https://cloudy-spaceship-6415040.postman.co/workspace/Krish_Jindal's-Workspace~a019f5a0-86f8-4471-88a5-4c5be906393e/collection/46417459-12b415ad-1713-4de7-ba7c-5c1894373bce?action=share&source=collection_link&creator=46417459"
	},
	"item": [
		{
			"name": "extract1",
			"event": [
				{
					"listen": "test",
					"script": {
						"exec": [
							"pm.test(\"Status code is 201\", function () {\r",
							"    pm.response.to.have.status(201);\r",
							"});"
						],
						"type": "text/javascript",
						"packages": {}
					}
				}
			],
			"request": {
				"auth": {
					"type": "bearer",
					"bearer": [
						{
							"key": "token",
							"value": "0b87b018369edcfd08abfd8f3c1dc09f5c5c81e8f543c262f74c18d6ad0ea6be",
							"type": "string"
						}
					]
				},
				"method": "POST",
				"header": [],
				"body": {
					"mode": "raw",
					"raw": "{\r\n     \"name\": \"Jackson\",\r\n     \"gender\": \"male\",\r\n     \"email\": \"Jacksmith@sbc1.com\",\r\n     \"status\": \"active\"\r\n }",
					"options": {
						"raw": {
							"language": "json"
						}
					}
				},
				"url": {
					"raw": "https://gorest.co.in/public/v2/users",
					"protocol": "https",
					"host": [
						"gorest",
						"co",
						"in"
					],
					"path": [
						"public",
						"v2",
						"users"
					]
				}
			},
			"response": []
		}
	]
}