{
	"info": {
		"_postman_id": "f343d219-7d70-45a5-a115-71d8475a0180",
		"name": "IPL 1",
		"schema": "https://schema.getpostman.com/json/collection/v2.1.0/collection.json",
		"_exporter_id": "46217510",
		"_collection_link": "https://krishjindal.postman.co/workspace/Krish-Jindal's-Workspace~a8a68ea4-bff8-4324-8bd3-0c0d02f9c464/collection/46217510-f343d219-7d70-45a5-a115-71d8475a0180?action=share&source=collection_link&creator=46217510"
	},
	"item": [
		{
			"name": "Find Winner",
			"event": [
				{
					"listen": "test",
					"script": {
						"exec": [
							"pm.test(\"Check Winner\", function () {\r",
							"    pm.expect(pm.response.text()).to.include(\"Mumbai Indians\");\r",
							"});"
						],
						"type": "text/javascript",
						"packages": {}
					}
				}
			],
			"request": {
				"method": "POST",
				"header": [
					{
						"key": "Content-Type",
						"value": "text/xml",
						"type": "text"
					},
					{
						"key": "SOAPAction",
						"value": "",
						"type": "text"
					}
				],
				"body": {
					"mode": "raw",
					"raw": " <Envelope xmlns=\"http://schemas.xmlsoap.org/soap/envelope/\">\r\n\r\n        <Body>\r\n\r\n        <getWinnerTeam xmlns=\"http://ipl\">\r\n\r\n            <year>{{Year}}</year>\r\n\r\n        </getWinnerTeam>\r\n\r\n        </Body>\r\n\r\n       </Envelope>",
					"options": {
						"raw": {
							"language": "xml"
						}
					}
				},
				"url": {
					"raw": "https://webapps.tekstac.com/IplDatabaseSoapWebservice/services/IplDatabase",
					"protocol": "https",
					"host": [
						"webapps",
						"tekstac",
						"com"
					],
					"path": [
						"IplDatabaseSoapWebservice",
						"services",
						"IplDatabase"
					]
				}
			},
			"response": []
		}
	],
	"event": [
		{
			"listen": "prerequest",
			"script": {
				"type": "text/javascript",
				"packages": {},
				"exec": [
					""
				]
			}
		},
		{
			"listen": "test",
			"script": {
				"type": "text/javascript",
				"packages": {},
				"exec": [
					""
				]
			}
		}
	],
	"variable": [
		{
			"key": "Year",
			"value": "2015",
			"type": "string"
		}
	]
}