{
	"info": {
		"_postman_id": "7a67f202-acd4-4d5a-b549-f57f253feba9",
		"name": "upload",
		"schema": "https://schema.getpostman.com/json/collection/v2.1.0/collection.json",
		"_exporter_id": "46417459",
		"_collection_link": "https://cloudy-spaceship-6415040.postman.co/workspace/Krish_Jindal's-Workspace~a019f5a0-86f8-4471-88a5-4c5be906393e/collection/46417459-7a67f202-acd4-4d5a-b549-f57f253feba9?action=share&source=collection_link&creator=46417459"
	},
	"item": [
		{
			"name": "fileupload",
			"event": [
				{
					"listen": "test",
					"script": {
						"exec": [
							"pm.test(\"Status code is 200\", function () {\r",
							"    pm.response.to.have.status(200);\r",
							"});"
						],
						"type": "text/javascript",
						"packages": {}
					}
				}
			],
			"request": {
				"method": "POST",
				"header": [],
				"body": {
					"mode": "formdata",
					"formdata": [
						{
							"key": "file",
							"type": "file",
							"src": "postman-cloud:///1f06077d-8a71-4a50-8d2a-eeba372a932d"
						}
					]
				},
				"url": {
					"raw": "https://the-internet.herokuapp.com/upload",
					"protocol": "https",
					"host": [
						"the-internet",
						"herokuapp",
						"com"
					],
					"path": [
						"upload"
					]
				}
			},
			"response": []
		}
	]
}