{
	"info": {
		"_postman_id": "cd82587f-d6d7-4ab0-aa2b-6289059a80fd",
		"name": "User Service 3",
		"schema": "https://schema.getpostman.com/json/collection/v2.1.0/collection.json",
		"_exporter_id": "46217510",
		"_collection_link": "https://krishjindal.postman.co/workspace/Krish-Jindal's-Workspace~a8a68ea4-bff8-4324-8bd3-0c0d02f9c464/collection/46217510-cd82587f-d6d7-4ab0-aa2b-6289059a80fd?action=share&source=collection_link&creator=46217510"
	},
	"item": [
		{
			"name": "Create New User",
			"event": [
				{
					"listen": "test",
					"script": {
						"exec": [
							"pm.test(\"Check City\", function () {\r",
							"    pm.expect(pm.response.text()).to.include(\"Mumbai\");\r",
							"});"
						],
						"type": "text/javascript",
						"packages": {}
					}
				}
			],
			"request": {
				"method": "POST",
				"header": [],
				"body": {
					"mode": "urlencoded",
					"urlencoded": [
						{
							"key": "userId",
							"value": "1005",
							"type": "text"
						},
						{
							"key": "userName",
							"value": "Amar",
							"type": "text"
						},
						{
							"key": "userMobile",
							"value": "1234567890",
							"type": "text"
						},
						{
							"key": "userEmail",
							"value": "amar@xyz.com",
							"type": "text"
						},
						{
							"key": "userCity",
							"value": "Mumbai",
							"type": "text"
						}
					]
				},
				"url": {
					"raw": "https://webapps.tekstac.com/MovieAPI/UserService/addUser",
					"protocol": "https",
					"host": [
						"webapps",
						"tekstac",
						"com"
					],
					"path": [
						"MovieAPI",
						"UserService",
						"addUser"
					]
				}
			},
			"response": []
		}
	]
}