{
	"info": {
		"_postman_id": "548ad784-68d9-4ee3-9c91-a44f6e4c4c77",
		"name": "User Service 2",
		"schema": "https://schema.getpostman.com/json/collection/v2.1.0/collection.json",
		"_exporter_id": "46217510",
		"_collection_link": "https://krishjindal.postman.co/workspace/Krish-Jindal's-Workspace~a8a68ea4-bff8-4324-8bd3-0c0d02f9c464/collection/46217510-548ad784-68d9-4ee3-9c91-a44f6e4c4c77?action=share&source=collection_link&creator=46217510"
	},
	"item": [
		{
			"name": "View User By City",
			"event": [
				{
					"listen": "test",
					"script": {
						"exec": [
							"pm.test(\"Check User Name\", function () {\r",
							"    pm.expect(pm.response.text()).to.include(\"Rakesh\");\r",
							"});"
						],
						"type": "text/javascript",
						"packages": {}
					}
				}
			],
			"request": {
				"method": "GET",
				"header": [
					{
						"key": "Accept",
						"value": "application/xml",
						"type": "text"
					}
				],
				"url": {
					"raw": "https://webapps.tekstac.com/MovieAPI/UserService/viewUsersByCity/{{city}}",
					"protocol": "https",
					"host": [
						"webapps",
						"tekstac",
						"com"
					],
					"path": [
						"MovieAPI",
						"UserService",
						"viewUsersByCity",
						"{{city}}"
					]
				}
			},
			"response": []
		}
	],
	"event": [
		{
			"listen": "prerequest",
			"script": {
				"type": "text/javascript",
				"packages": {},
				"exec": [
					""
				]
			}
		},
		{
			"listen": "test",
			"script": {
				"type": "text/javascript",
				"packages": {},
				"exec": [
					""
				]
			}
		}
	],
	"variable": [
		{
			"key": "city",
			"value": "Chennai",
			"type": "string"
		}
	]
}