{
	"info": {
		"_postman_id": "60af8232-c1a3-4e7f-97fa-57688b71d67f",
		"name": "User Service 1",
		"schema": "https://schema.getpostman.com/json/collection/v2.1.0/collection.json",
		"_exporter_id": "46217510",
		"_collection_link": "https://krishjindal.postman.co/workspace/Krish-Jindal's-Workspace~a8a68ea4-bff8-4324-8bd3-0c0d02f9c464/collection/46217510-60af8232-c1a3-4e7f-97fa-57688b71d67f?action=share&source=collection_link&creator=46217510"
	},
	"item": [
		{
			"name": "View All Users",
			"event": [
				{
					"listen": "test",
					"script": {
						"exec": [
							"pm.test(\"Check Status Code\", function () {\r",
							"    pm.response.to.have.status(200);\r",
							"});\r",
							"pm.test(\"CheckPhoneNumber\", function () {\r",
							"    let jsonData = pm.response.json();\r",
							"    for (let i = 0; i < jsonData.length; i++) {\r",
							"        if (jsonData[i].userId === 1002) {\r",
							"            pm.expect(jsonData[i].userMobile).to.eql(\"2121412121\");\r",
							"        }\r",
							"    }\r",
							"});\r",
							" \r",
							"\r",
							""
						],
						"type": "text/javascript",
						"packages": {}
					}
				}
			],
			"request": {
				"method": "GET",
				"header": [
					{
						"key": "Accept",
						"value": "application/json",
						"description": "text",
						"type": "text"
					}
				],
				"url": {
					"raw": "https://webapps.tekstac.com/MovieAPI/UserService/viewUserList",
					"protocol": "https",
					"host": [
						"webapps",
						"tekstac",
						"com"
					],
					"path": [
						"MovieAPI",
						"UserService",
						"viewUserList"
					]
				}
			},
			"response": []
		}
	]
}