{
	"info": {
		"_postman_id": "0c600804-19f1-46fa-b06e-24316fcffbb5",
		"name": "work",
		"schema": "https://schema.getpostman.com/json/collection/v2.1.0/collection.json",
		"_exporter_id": "46417459",
		"_collection_link": "https://cloudy-spaceship-6415040.postman.co/workspace/Krish_Jindal's-Workspace~a019f5a0-86f8-4471-88a5-4c5be906393e/collection/46417459-0c600804-19f1-46fa-b06e-24316fcffbb5?action=share&source=collection_link&creator=46417459"
	},
	"item": [
		{
			"name": "environment1",
			"event": [
				{
					"listen": "test",
					"script": {
						"exec": [
							"pm.test(\"Status code is 200\", function () {\r",
							"    pm.response.to.have.status(200);\r",
							"});"
						],
						"type": "text/javascript",
						"packages": {}
					}
				}
			],
			"request": {
				"auth": {
					"type": "bearer",
					"bearer": [
						{
							"key": "token",
							"value": "54df8f44afda02331b8fd782d50e550dc4f9ba4a15128b7eec1e8bb536cfcff3",
							"type": "string"
						}
					]
				},
				"method": "POST",
				"header": [],
				"body": {
					"mode": "raw",
					"raw": "{\r\n  \"name\": \"Kavya Sinha\",\r\n  \"gender\": \"female\",\r\n  \"email\": \"kavya.singh.972@example.com\",\r\n  \"status\": \"active\"\r\n}\r\n",
					"options": {
						"raw": {
							"language": "json"
						}
					}
				},
				"url": {
					"raw": "https://gorest.co.in/public/v2/users",
					"protocol": "https",
					"host": [
						"gorest",
						"co",
						"in"
					],
					"path": [
						"public",
						"v2",
						"users"
					]
				}
			},
			"response": []
		}
	]
}